contacts_url,gold_status,gold_years,main_products,supplier,supplier_url,trade_assurance
//szzb.en.alibaba.com/contactinfo.html,Gold Supplier,10,"polyester staple fiber,polyester fiber,recycled polyester staple fiber,PSF,Yarn","Suzhou Zhengbang Chemical Fiber Co., Ltd.",//szzb.en.alibaba.com/company_profile.html#top-nav-bar,
//charmkeytextile.en.alibaba.com/contactinfo.html,Gold Supplier,10,"Yarn products,Knitting needle","Shanghai Charmkey Textile Co., Ltd.",//charmkeytextile.en.alibaba.com/company_profile.html#top-nav-bar,Trade Assurance
//charmkey.en.alibaba.com/contactinfo.html,Gold Supplier,5,"fancy yarn,Acrylic Fibre,Chenille Yarn,Ployester yarn,Acrylic Yarn","Shanghai Charmkey Textile Co., Ltd.",//charmkey.en.alibaba.com/company_profile.html#top-nav-bar,
//sdguofeng.en.alibaba.com/contactinfo.html,Gold Supplier,9,"Yarn,Cotton Cloth","Dezhou Guofeng Textile Co., Ltd.",//sdguofeng.en.alibaba.com/company_profile.html#top-nav-bar,Trade Assurance
//sunshining.en.alibaba.com/contactinfo.html,Gold Supplier,11,"Viscose Rayon Filament Yarn,Rayon Embroidery Thread,Spandex Yarn,Viscose spun Yarn,Viscose Staple Fiber","Xinxiang Sunshining Ecotex Clothes Co., Ltd.",//sunshining.en.alibaba.com/company_profile.html#top-nav-bar,
//libertyport.en.alibaba.com/contactinfo.html,Gold Supplier,8,"Zipper,Button,Elastic Braids/Rope,Sewing Kits,Various tailoring",Ningbo Liberty Port Design Limited,//libertyport.en.alibaba.com/company_profile.html#top-nav-bar,Trade Assurance
//runnow.en.alibaba.com/contactinfo.html,Gold Supplier,7,"100% spun polyester yarn,polyester yarn,sewing thread,colored yarn,bag closing thread","Wuhan Yuanao Trading Co., Ltd.",//runnow.en.alibaba.com/company_profile.html#top-nav-bar,
//seagor.en.alibaba.com/contactinfo.html,Gold Supplier,5,"Yarns,Polyester Yarns,Polyester Viscose Blend Yarns,Polyester Cotton Blend Yarns,Viscose Yarns","Xuzhou Seagor Import And Export Co., Ltd.",//seagor.en.alibaba.com/company_profile.html#top-nav-bar,Trade Assurance
//yimingthread.en.alibaba.com/contactinfo.html,Gold Supplier,8,"Dyed yarn,Sewing Thread,Dyed polyester yarn,Dyed spun polyester yarn,Polyester textured yarn","Shishi Yiming Dyeing & Weaving Co., Ltd.",//yimingthread.en.alibaba.com/company_profile.html#top-nav-bar,
//chinapolytex.en.alibaba.com/contactinfo.html,Supplier,11,"Polyester Staple Fiber,Polyester Spun Yarn,Viscose Staple Fiber","Shanghai Polytex Co., Ltd.",//chinapolytex.en.alibaba.com/company_profile.html#top-nav-bar,Trade Assurance
