contact_url,contact_name,contact_dept,Telephone:,Mobile Phone:,Fax:,Country/Region:
https://jskaiyuan.en.alibaba.com/contactinfo.html,,,,,,China
https://megaplant.en.alibaba.com/contactinfo.html,Ms. Dora Pan,Sales,0,,,China
https://lhorange.en.alibaba.com/contactinfo.html,Ms. Mary Wang,Director/CEO/General Manager,0,0,0,China
https://bestrantech.en.alibaba.com/contactinfo.html,Ms. Mia Zhang,Marketing,0,0,0,China
https://matthewtool.en.alibaba.com/contactinfo.html,Mr. lu luke,Sales,0,0,,China
https://ronixtools.en.alibaba.com/contactinfo.html,Mr. Toney Ding,Sales,0,0,0,China
https://aoyimeter.en.alibaba.com/contactinfo.html,Ms. Lucia Z,Sales,0,,,China
https://fujiyatw.en.alibaba.com/contactinfo.html,Mr. Shao-Ting Hung,Sales,0,0,0,"Taiwan, China"
https://gsylqc.en.alibaba.com/contactinfo.html,Mr. Walter Li,Sales,0,0,0,China
https://chinarunhe.en.alibaba.com/contactinfo.html,Ms. Sharon Song,Sales,0,0,0,China
https://foreverest.en.alibaba.com/contactinfo.html,Mr. Richard Hu,Director/CEO/General Manager,0,0,0,China
https://motorhomes.en.alibaba.com/contactinfo.html,Ms. Annetta Nan,Director/CEO/General Manager,0,0,,China
https://nbesen.en.alibaba.com/contactinfo.html,Ms. Shirley Huan,Sales,0,0,0,China
https://rui.en.alibaba.com/contactinfo.html,Mr. Alex Wu,Marketing,0,,0,China
https://shyoubai.en.alibaba.com/contactinfo.html,Ms. NovaTork .,Sales,0,,0,China
https://ruikang-cn.en.alibaba.com/contactinfo.html,Mr. linan Luo,Director/CEO/General Manager,0,,0,China
https://miyashop.en.alibaba.com/contactinfo.html,Ms. Abby Li,,0,,,China
https://jiefachina.en.alibaba.com/contactinfo.html,Mr. Tony zhang,Director/CEO/General Manager,0,0,,China
https://rapunzelhair.en.alibaba.com/contactinfo.html,Ms. Rapunzel Sun,Sales,0,0,0,China
https://procirclefitness.en.alibaba.com/contactinfo.html,Mr. Patrick Lee,Director/CEO/General Manager,0,0,0,China
https://perfectlaser.en.alibaba.com/contactinfo.html,Ms. Cindy Yu,,0,0,0,China
https://cn1517437811dubo.en.alibaba.com/contactinfo.html,ma amey,,,,,China
https://huisell.en.alibaba.com/contactinfo.html,Mr. Kevin Niu,Director/CEO/General Manager,0,0,,China
https://modern-china.en.alibaba.com/contactinfo.html,Ms. Donna Xue,,0,,0,China
https://cnseat.en.alibaba.com/contactinfo.html,Mr. David Guo,Sales,0,0,0,China
https://rashangyi.en.alibaba.com/contactinfo.html,Mr. Carry Wu,Sales,0,0,,China
https://cofoe.en.alibaba.com/contactinfo.html,Ms. Kay Wang,Sales,0,,,China
https://chinarek.en.alibaba.com/contactinfo.html,Ms. Kaixuan Li,Director/CEO/General Manager,0,0,0,China
https://pk1321151407mowz.trustpass.alibaba.com/contactinfo.html,Mr. Salman Arif,Administrative,0,,0,Pakistan
https://dgabt.en.alibaba.com/contactinfo.html,Mr. david wang,Director/CEO/General Manager,0,,,China
https://mocap.en.alibaba.com/contactinfo.html,Ms. Karen Lee,Sales,0,0,0,China
https://szcontrol.en.alibaba.com/contactinfo.html,Ms. Beryl Zeng,Sales,0,,,China
https://hd2002.en.alibaba.com/contactinfo.html,Ms. judy zhou,Sales,0,,,China
https://qinme.en.alibaba.com/contactinfo.html,Mr. Leo Ho,Sales,0,0,0,China
https://jcool-taiwan.en.alibaba.com/contactinfo.html,Mr. Jason Chang,Sales,0,0,0,"Taiwan, China"
https://beaconmachine.en.alibaba.com/contactinfo.html,Mr. jason zheng,Sales,0,0,0,
https://wellsun.en.alibaba.com/contactinfo.html,Mr. Hua Zhou,,0,0,0,China
https://horizon-chem.en.alibaba.com/contactinfo.html,Mr. Johnson Yang,Director/CEO/General Manager,0,0,0,China
https://hyhchem.en.alibaba.com/contactinfo.html,Mr. Jacky Lau,Director/CEO/General Manager,0,0,0,China
https://jbrautoparts.en.alibaba.com/contactinfo.html,Ms. Lisa chen,Director/CEO/General Manager,0,0,0,China
https://yesosewing.en.alibaba.com/contactinfo.html,Mr. Stanley Zheng,Sales,0,0,0,China
https://tdm.en.alibaba.com/contactinfo.html,Mr. Mike Chen,Sales,0,,,China
https://rjsewing.en.alibaba.com/contactinfo.html,Mr. Frank Zhang,Sales,0,0,,China
https://bowaychina.en.alibaba.com/contactinfo.html,Ms. Nina Dong,Marketing,0,,0,China
https://ronix-handtools.en.alibaba.com/contactinfo.html,Ms. Bella Lee,Sales,0,0,0,China
https://haofarubber.en.alibaba.com/contactinfo.html,Dai Bin,,,,,China
https://jsnonwoven.en.alibaba.com/contactinfo.html,Ms. leona sun,Marketing,0,0,0,China
https://ahlandy.en.alibaba.com/contactinfo.html,Mr. Frank Sun,Director/CEO/General Manager,0,0,0,China
https://furniliving.en.alibaba.com/contactinfo.html,Mr. Fisher Xie,Director/CEO/General Manager,0,0,0,China
https://babydiaperwholesale.en.alibaba.com/contactinfo.html,Mr. Ranny Nill,Sales,0,0,0,China
https://bestway-ic.en.alibaba.com/contactinfo.html,,,,0,,China
https://hkwinsome.en.alibaba.com/contactinfo.html,Ms. Michelle Chan,Sales,0,0,0,China
https://beston.en.alibaba.com/contactinfo.html,Mr. Peter Liu,Director/CEO/General Manager,0,0,0,China
https://hejinda.en.alibaba.com/contactinfo.html,Mr. Jintao Zhou,Sales,0,,,China
https://xiannenghk.en.alibaba.com/contactinfo.html,Ms. Amily xue,Sales,0,0,0,China
https://cn1525051581ydjr.en.alibaba.com/contactinfo.html,jiaqiang xin,,0,0,,China
https://anjihuasheng.en.alibaba.com/contactinfo.html,Ms. Sarah Dong,Sales,0,0,0,China
https://kunshengda.en.alibaba.com/contactinfo.html,Mr. Robert zhou,Sales,0,0,,China
https://jinjianghuanchi.en.alibaba.com/contactinfo.html,,,,,,China
https://focus-china.en.alibaba.com/contactinfo.html,Ms. Sunny He,Sales,0,0,0,China
https://sdyiguang.en.alibaba.com/contactinfo.html,Mr. Eric Feng,Sales,0,0,,China
https://sunlightforever.en.alibaba.com/contactinfo.html,Mr. David Liu,Sales,0,0,0,China
https://focuschina.en.alibaba.com/contactinfo.html,Mr. Will Liang,Sales,0,0,0,China
https://posterfurniture.en.alibaba.com/contactinfo.html,Mr. Willian Wu,Director/CEO/General Manager,0,0,,China
https://hztuobang.en.alibaba.com/contactinfo.html,Ms. Irene Pan,Director/CEO/General Manager,0,0,0,China
https://tonggang.en.alibaba.com/contactinfo.html,Mr. Steven Zhou,Owner/Entrepreneur,0,,0,China
https://cnhuafu.en.alibaba.com/contactinfo.html,Ms. Julian Yang,Marketing,0,0,0,China
https://umean.en.alibaba.com/contactinfo.html,Ms. Icy yang,Sales,0,0,0,China
https://megafoh.en.alibaba.com/contactinfo.html,Mr. Jetton Chan,Marketing,0,0,0,China
https://cnwinsome.en.alibaba.com/contactinfo.html,Ms. Betty Chen,Sales,0,0,0,China
https://quantumchip.en.alibaba.com/contactinfo.html,Mr. Jack Li,Sales,0,0,,China
https://sinograce.en.alibaba.com/contactinfo.html,Mr. Frank Liu,Sales,0,0,0,China
https://hoshinmedica.en.alibaba.com/contactinfo.html,Ms. Stacy Wu,,0,,,China
https://kohope.en.alibaba.com/contactinfo.html,Mr. Charlie Wang,Sales,0,0,0,China
https://forwardmedical.en.alibaba.com/contactinfo.html,Mr. Simon Shang,Marketing,0,0,,China
https://frnyyqx.en.alibaba.com/contactinfo.html,,,,,,China
https://pengpai.en.alibaba.com/contactinfo.html,Ms. Kiki Zhao,Director/CEO/General Manager,0,0,,China
https://babyhy.en.alibaba.com/contactinfo.html,Ms. Ella yan,Marketing,0,,0,China
https://hcremyhair.en.alibaba.com/contactinfo.html,Ms. Delia Lee,Sales,0,0,0,China
https://nbguangmu.en.alibaba.com/contactinfo.html,Mr. Tengchao Yao,Sales,0,0,0,China
https://biyate.en.alibaba.com/contactinfo.html,Mr. Hilerson Zheng,Director/CEO/General Manager,0,0,0,China
https://nbtopcom.en.alibaba.com/contactinfo.html,Ms. Damon xu,Director/CEO/General Manager,0,0,0,China
https://czbeststar.en.alibaba.com/contactinfo.html,Ms. Ada Yu,Sales,0,0,0,China
https://hexon.en.alibaba.com/contactinfo.html,Mr. Tony Lu,Director/CEO/General Manager,0,0,,China
https://mofe.en.alibaba.com/contactinfo.html,Mr. Paul Yuan,Sales,0,0,0,China
https://lywq.en.alibaba.com/contactinfo.html,Mr. Kuan Tao,Sales,0,0,,China
https://zjheya.en.alibaba.com/contactinfo.html,Ms. Nora Zhang,Marketing,0,0,0,China
https://autoanma.en.alibaba.com/contactinfo.html,Mr. Steven You,Administrative,0,0,0,China
https://pss.en.alibaba.com/contactinfo.html,Ms. Jane Zhang,Sales,0,0,0,China
https://anma.en.alibaba.com/contactinfo.html,Mr. Steven You,Director/CEO/General Manager,0,0,0,China
https://wokintools.en.alibaba.com/contactinfo.html,,,,,,China
https://cn68me.en.alibaba.com/contactinfo.html,Ms. Blue Dragonfly .,Sales,0,,,China
https://wxyixin.en.alibaba.com/contactinfo.html,Mr. George Zhou,Director/CEO/General Manager,0,0,0,China
https://china-sewing.en.alibaba.com/contactinfo.html,Ms. ERICA HU,Sales,0,0,0,China
https://yiyanypower.en.alibaba.com/contactinfo.html,,,,,,
https://zjsako.en.alibaba.com/contactinfo.html,,,0,0,0,China
https://fjsongyan.en.alibaba.com/contactinfo.html,Ms. Sonya Su,Sales,0,0,,China
https://eachinled.en.alibaba.com/contactinfo.html,Mr. Billy Luo,Director/CEO/General Manager,0,,,China
https://kingtechgroup.en.alibaba.com/contactinfo.html,Ms. Helen Kingtech,Director/CEO/General Manager,0,0,,China
https://marryam.en.alibaba.com/contactinfo.html,Mr. kang Deng,,0,,,China
https://fantaiphotographic.en.alibaba.com/contactinfo.html,Ms. Jane Xiang,Sales,0,0,0,China
https://turingltd.en.alibaba.com/contactinfo.html,Wang Will,,,,,China
https://wtcartools.en.alibaba.com/contactinfo.html,Ms. Eileen Wen,Director/CEO/General Manager,0,0,0,China
https://gsrthreads.en.alibaba.com/contactinfo.html,Mr. Terrence Teng,Sales,0,0,0,China
https://yymk.en.alibaba.com/contactinfo.html,Ms. HUIYING HUANG,Sales,0,0,0,China
https://sdkll.en.alibaba.com/contactinfo.html,Mr. Tone  Michael ,Marketing,0,0,0,China
https://bosstownhardware.en.alibaba.com/contactinfo.html,Ms. Miya Li,Purchasing,0,0,,China
https://tokqi.en.alibaba.com/contactinfo.html,Mr. Tok Xu,Director/CEO/General Manager,0,0,,China
https://remotioner.en.alibaba.com/contactinfo.html,Mr. Eric Zhou,Director/CEO/General Manager,0,0,0,China
https://simtone.en.alibaba.com/contactinfo.html,Mr. Jun Zhao,Director/CEO/General Manager,0,0,,China
https://weigu.en.alibaba.com/contactinfo.html,ABBY LIN,,0,0,,China
https://skalet.en.alibaba.com/contactinfo.html,Mr. Skalet Man,Director/CEO/General Manager,0,0,,China
https://angiplastindia.trustpass.alibaba.com/contactinfo.html,Mr. Ashit Shah,Director/CEO/General Manager,0,0,0,India
https://waterjet.en.alibaba.com/contactinfo.html,Ms. Tina Wang,,0,,,China
https://godsen.en.alibaba.com/contactinfo.html,Mr. Allan Pan,Sales,0,0,0,China
https://chinajdleather.en.alibaba.com/contactinfo.html,Ms. Amy Wei,Director/CEO/General Manager,0,0,0,China
https://szbrilliant.en.alibaba.com/contactinfo.html,Ms. linda lian,Director/CEO/General Manager,0,0,0,China
https://freetek.en.alibaba.com/contactinfo.html,Ms. Louisa Cheng,Director/CEO/General Manager,0,,0,China
https://oushuangwiremesh.en.alibaba.com/contactinfo.html,Ms. emily zhao,Sales,0,0,,China
https://worldful.en.alibaba.com/contactinfo.html,Mr. Calvin Ren,Director/CEO/General Manager,0,0,0,China
https://taibo-machine.en.alibaba.com/contactinfo.html,Mr. Alice Yin,,0,,0,China
https://henrikang.en.alibaba.com/contactinfo.html,Ms. Candy Hu,Sales,0,0,0,China
https://jxtsxcl.en.alibaba.com/contactinfo.html,Ms. Lisa Xiao,Marketing,0,0,0,China
https://agro-biotech.en.alibaba.com/contactinfo.html,Mr. Leon an,Marketing,0,0,,China
https://guanfa.en.alibaba.com/contactinfo.html,,,,,,China
https://cnykdongxi.en.alibaba.com/contactinfo.html,Mr. Junsheng Zhu,Director/CEO/General Manager,0,0,0,China
https://zxchem.en.alibaba.com/contactinfo.html,Ms. Jacy Chen,Marketing,0,,0,China
https://pandustry.en.alibaba.com/contactinfo.html,Ms. Nancy Hu,Sales,0,0,0,China
https://dpchemical.en.alibaba.com/contactinfo.html,Ms. Beryl Huang,Sales,0,0,0,China
https://s2tech.en.alibaba.com/contactinfo.html,Mr. Jerry Zhu,Marketing,0,0,,China
https://survivalfirstaidkits.trustpass.alibaba.com/contactinfo.html,Mr. Michael Tyrrell,Sales,0,0,0,Australia
https://barworks.en.alibaba.com/contactinfo.html,Ms. Joya Du,Sales,0,0,,China
https://barca.en.alibaba.com/contactinfo.html,Ms. michelle lee,Sales,0,0,0,China
https://qzjinshun.en.alibaba.com/contactinfo.html,Ms. cindy ye,Sales,0,0,0,China
https://statemedbj.en.alibaba.com/contactinfo.html,Ms. Mandy Zhang,Sales,0,0,0,China
https://keestar.en.alibaba.com/contactinfo.html,Mr. Bruce Hu,Sales,0,,0,China
https://88.en.alibaba.com/contactinfo.html,Ms. Lily Duan,Sales,0,0,0,China
https://fyxiangsheng.en.alibaba.com/contactinfo.html,Mr. Nick fang,Sales,0,0,0,China
https://topjambo.en.alibaba.com/contactinfo.html,Mr. Jake Chan,Sales,0,0,,China
https://jhscyj.en.alibaba.com/contactinfo.html,,,,,,China
https://vividtiles.en.alibaba.com/contactinfo.html,Ms. Cici Ma,Sales,0,0,,China
https://shzilan.en.alibaba.com/contactinfo.html,Ms. Annie Wu,Director/CEO/General Manager,0,0,0,China
https://hktosen.en.alibaba.com/contactinfo.html,Mr. Richard Zhou,Sales,0,,0,China
https://sjhgkj.en.alibaba.com/contactinfo.html,Mr. David Huang,Sales,0,0,0,China
https://worlden.en.alibaba.com/contactinfo.html,,,,,,
https://oren6.en.alibaba.com/contactinfo.html,Mr. Tony Chow,Sales,0,0,,China
https://supergoblin.en.alibaba.com/contactinfo.html,Mr. Patrick Mcafee,Sales,0,0,,China
https://xch86.en.alibaba.com/contactinfo.html,Mr. Leon Zhao,Director/CEO/General Manager,0,0,,China
https://gxkkj.en.alibaba.com/contactinfo.html,Ms. Sukie Guo,,0,,,China
https://yisiqi.en.alibaba.com/contactinfo.html,,,,,,China
https://hsydz.en.alibaba.com/contactinfo.html,,,,,,China
https://icwell.en.alibaba.com/contactinfo.html,Lin Lynn,,0,0,0,China
https://smtsolar.en.alibaba.com/contactinfo.html,Mr. Mike Chen,,0,0,,China
https://cmgrouphk.en.alibaba.com/contactinfo.html,Ms. Nancy Liu,Sales,0,0,0,China
https://chenyangpaint.en.alibaba.com/contactinfo.html,Ms. Carol Wong,,0,,,China
https://sz-suntronic.en.alibaba.com/contactinfo.html,Ms. Shelly Chen,,0,,0,China
https://lihengic.en.alibaba.com/contactinfo.html,Ms. Ally Cai,Sales,0,0,0,China
https://xinsi.en.alibaba.com/contactinfo.html,Mr. Even Su,Marketing,0,0,,China
https://chinabaoxiang.en.alibaba.com/contactinfo.html,Ms. Ivy Zhou,Sales,0,0,0,China
https://in102469135.trustpass.alibaba.com/contactinfo.html,Mr. Vikram Kanodia,,0,0,0,India
https://gxsjkj.en.alibaba.com/contactinfo.html,Ms. Jenny xie,Marketing,0,0,0,China
https://x-waymedical.en.alibaba.com/contactinfo.html,Ms. Melissa Xu,Sales,0,0,,China
https://jhypackaging.en.alibaba.com/contactinfo.html,Ms. Amanda Li,Sales,0,0,0,China
https://yzsmksyd.en.alibaba.com/contactinfo.html,Mr. Dongfang Yin,Director/CEO/General Manager,0,0,0,China
https://hzweishi.en.alibaba.com/contactinfo.html,Mr. Pum Wayne,Sales,0,,,China
https://kylekzd.en.alibaba.com/contactinfo.html,Mr. Jason Yu,Sales,0,0,,China
https://wantten.en.alibaba.com/contactinfo.html,Ms. Echo Chan,Marketing,0,0,0,China
https://anpingtengqi.en.alibaba.com/contactinfo.html,Mr. anping chen,Director/CEO/General Manager,0,0,,China
https://comed.en.alibaba.com/contactinfo.html,Ms. Helen Yang,,0,,,China
https://gdxyl.en.alibaba.com/contactinfo.html,Ms. Fecinla Fung,Marketing,0,0,0,China
https://jsgoldenwell.en.alibaba.com/contactinfo.html,Mr. Andy Wu,Director/CEO/General Manager,0,0,0,China
https://sdkailida.en.alibaba.com/contactinfo.html,Mr. Guanhua Su,Sales,0,0,0,China
https://pnmedical.en.alibaba.com/contactinfo.html,Ms. Helen lin,Sales,0,0,,China
https://xmjmx.en.alibaba.com/contactinfo.html,Mr. putin Huang,Director/CEO/General Manager,0,0,0,China
https://greatcare.en.alibaba.com/contactinfo.html,Mr. Daniel Zhang,Sales Dept.,0,0,0,China
https://icsugo.en.alibaba.com/contactinfo.html,Ms. Chloe Chen,Sales,0,0,,China
https://goooing.en.alibaba.com/contactinfo.html,Ms. Vivian LIN,Sales,0,0,0,China
https://lanpaijj.en.alibaba.com/contactinfo.html,Ms. Amy Shen,Director/CEO/General Manager,0,0,0,China
https://in1326322934hutd.trustpass.alibaba.com/contactinfo.html,Mr. HV Vishnoi,Director/CEO/General Manager,0,,0,India
https://tr1118040152lxfh.trustpass.alibaba.com/contactinfo.html,Mr. Ali Kanik,Director/CEO/General Manager,0,0,0,Turkey
https://zsfutai.en.alibaba.com/contactinfo.html,Mr. Robert Luo,Sales,0,0,0,China
https://anmagroup.en.alibaba.com/contactinfo.html,Ms. Launer Gong,Marketing,0,0,,China
https://glueguns.en.alibaba.com/contactinfo.html,Ms. Viola Lin,Sales,0,,0,"Taiwan, China"
https://techijet.en.alibaba.com/contactinfo.html,Mr. TECHiJET QS,Sales,0,,,China
https://yzsunvian.en.alibaba.com/contactinfo.html,Mr. Feng Yuan,Director/CEO/General Manager,0,0,0,China
https://yahanda-weld.en.alibaba.com/contactinfo.html,Ms. Bonnie Long,Sales,0,0,0,China
https://emsrun.en.alibaba.com/contactinfo.html,Mr. Leo Guan,Sales,0,0,0,China
https://ttsunshine.en.alibaba.com/contactinfo.html,,,,,,China
https://imfield.en.alibaba.com/contactinfo.html,Mr. Leon Guo,Sales,0,0,0,China
https://holyart.en.alibaba.com/contactinfo.html,Ms. Nania Zhong,Sales,0,0,,China
https://richeng-rubber.en.alibaba.com/contactinfo.html,Mr. William Wong,Sales,0,0,0,China
https://cnleedon.en.alibaba.com/contactinfo.html,,,,,,China
https://czleimengde.en.alibaba.com/contactinfo.html,Ms. liuying yu,Director/CEO/General Manager,0,,,China
https://levending.en.alibaba.com/contactinfo.html,Ms. Levending H,Director/CEO/General Manager,0,0,0,China
https://most.en.alibaba.com/contactinfo.html,Ms. Flora Wang,Sales,0,0,0,China
https://crediblebottle.en.alibaba.com/contactinfo.html,Mr. jack zhao,Director/CEO/General Manager,0,0,0,China
https://dgtianluo.en.alibaba.com/contactinfo.html,Mr. Mike Deng,Sales,0,0,,China
https://tuhong.en.alibaba.com/contactinfo.html,Mr. Dyson Ma,Director/CEO/General Manager,0,0,0,China
https://leshinehair.en.alibaba.com/contactinfo.html,Mr. LeShine Hair,Director/CEO/General Manager,0,0,0,China
https://soundlink.en.alibaba.com/contactinfo.html,Mr. Davie Zang,Sales,0,,0,China
https://zjgtltools.en.alibaba.com/contactinfo.html,Ms. wendy qu,Sales,0,0,0,China
https://shprofessional.en.alibaba.com/contactinfo.html,Mr. Devlin Zhang,Sales,0,0,0,China
https://zjsports.en.alibaba.com/contactinfo.html,Mr. Yongping Yuan,Sales,0,,0,China
https://findmc-tools.en.alibaba.com/contactinfo.html,Mr. Allan Lee,Director/CEO/General Manager,0,,0,China
https://growstar.en.alibaba.com/contactinfo.html,Mr. Mark Orientrise,Owner/Entrepreneur,0,0,0,China
https://mighty-tools.en.alibaba.com/contactinfo.html,Mr. Charles Zhong,Sales,0,0,0,China
https://hopefine.en.alibaba.com/contactinfo.html,Mr. Jason Zhong,Director/CEO/General Manager,0,0,0,China
https://latisbrewing.en.alibaba.com/contactinfo.html,Mr. LATIS BREWING,,0,,,China
https://obeis.en.alibaba.com/contactinfo.html,Mr. Yijun Wang,Sales,0,0,,China
https://perfectidea.en.alibaba.com/contactinfo.html,Mr. Kun Wang,Director/CEO/General Manager,0,0,0,China
https://hlmet.en.alibaba.com/contactinfo.html,Ms. Alice Sun,Director/CEO/General Manager,0,0,0,China
https://tianxinggroup.en.alibaba.com/contactinfo.html,Mr. Bruce Li,Marketing,0,0,0,China
https://jialebag.en.alibaba.com/contactinfo.html,Ms. Kitty Lin,,0,,,China
https://shandonghuaye.en.alibaba.com/contactinfo.html,Mr. Lance Leung,Sales,0,0,0,China
https://ytmaxtool.en.alibaba.com/contactinfo.html,Ms. Mia Tian,Director/CEO/General Manager,0,0,,China
https://chinanewdecor.en.alibaba.com/contactinfo.html,Ms. Grace Ning,Sales,0,,,China
https://beca.en.alibaba.com/contactinfo.html,Ms. Beca Cn,Sales,0,0,,China
https://hitochem.en.alibaba.com/contactinfo.html,Ms. Ada Fu,,0,0,0,China
https://dl-tools1.en.alibaba.com/contactinfo.html,Ms. carmen huang,Marketing,0,0,0,China
https://e-star-sz.en.alibaba.com/contactinfo.html,Mr. Noah Hu,Sales,0,0,0,China
https://sz-sns.en.alibaba.com/contactinfo.html,Ms. Mila Gao,,0,0,,China
https://chinamassagechair.en.alibaba.com/contactinfo.html,Mr. Jason Kang,Director/CEO/General Manager,0,0,0,China
https://silok.en.alibaba.com/contactinfo.html,Ms. Silok S,Sales,0,,0,China
https://chinajiaxin.en.alibaba.com/contactinfo.html,Ms. Linda Zhu,Sales,0,0,0,China
https://canbestled.en.alibaba.com/contactinfo.html,Mr. Canbest LED,Sales,0,0,0,China
https://chipsource.en.alibaba.com/contactinfo.html,Mr. Steve Ke,Sales,0,0,0,China
https://sunlightexport.en.alibaba.com/contactinfo.html,Ms. Iris Lee,,0,0,,China
https://lzhuinong.en.alibaba.com/contactinfo.html,Mr. xinyi deng,Director/CEO/General Manager,0,0,,China
https://ransunbucket.en.alibaba.com/contactinfo.html,Ms. Laurel Zhang,Sales,0,0,,China
https://dgtinbox.en.alibaba.com/contactinfo.html,Ms. Jenny wei,Sales,0,0,0,China
https://szressan.en.alibaba.com/contactinfo.html,Ms. Vivian Shen,Sales,0,0,,China
https://yonsuno8888.en.alibaba.com/contactinfo.html,Ms. Wendy Liu,Sales,0,0,,China
https://jjxingyuan.en.alibaba.com/contactinfo.html,Ms. Linda Wu,Director/CEO/General Manager,0,0,0,China
https://dyjishun.en.alibaba.com/contactinfo.html,Ms. Kayla yang,Sales,0,0,,China
https://fjruide.en.alibaba.com/contactinfo.html,Mr. Wang Ran,Marketing,0,,0,China
https://jiyan.en.alibaba.com/contactinfo.html,Ms. Judy Wang,Sales,0,0,0,China
https://hfmichley.en.alibaba.com/contactinfo.html,Ms. Anny Lee,Sales,0,0,0,China
https://shuilishi.en.alibaba.com/contactinfo.html,Ms. Linda Wong,Sales,0,0,0,China
https://banrysonic.en.alibaba.com/contactinfo.html,Ms. Aries Ling,Director/CEO/General Manager,0,0,0,China
https://hzshaklee.en.alibaba.com/contactinfo.html,Mr. Rolex Liu,Marketing,0,0,,China
https://shenyixin.en.alibaba.com/contactinfo.html,,,,,,China
https://kingkungintel.en.alibaba.com/contactinfo.html,Ms. Cloris Woo,Director/CEO/General Manager,0,0,0,China
https://benyue9188.en.alibaba.com/contactinfo.html,Mr. Plenty Tang,,0,,,China
https://aways.en.alibaba.com/contactinfo.html,,,,,,China
https://cnjinlongmed.en.alibaba.com/contactinfo.html,Ms. Maria Zhang,Sales,0,0,0,China
https://nuofeiya.en.alibaba.com/contactinfo.html,Ms. Emma Ye,Director/CEO/General Manager,0,0,,China
https://szxinhai.en.alibaba.com/contactinfo.html,Ms. angel he,Director/CEO/General Manager,0,0,,China
https://sunmoonhope.en.alibaba.com/contactinfo.html,Mr. Michael Wu,Director/CEO/General Manager,0,0,,China
https://gao-zhan.en.alibaba.com/contactinfo.html,Mr. Jason Gao,,0,0,0,China
https://fanxunlighting.en.alibaba.com/contactinfo.html,Ms. lucy zhang,Sales,0,0,,China
https://besenchip.en.alibaba.com/contactinfo.html,Mr. will han,Sales,0,0,,China
https://allnewsemi.en.alibaba.com/contactinfo.html,Ms. LYNNE XIAO,Director/CEO/General Manager,0,0,0,China
https://pinboplastic.en.alibaba.com/contactinfo.html,Ms. Cathy Bao,Sales,0,0,0,China
https://nosin-ic.en.alibaba.com/contactinfo.html,Mr. Bruce Guo,Sales,0,0,0,China
https://qusart.en.alibaba.com/contactinfo.html,Ms. Eva Lin,,0,,,China
https://bctec.en.alibaba.com/contactinfo.html,cansheng Xiao,,,,,China
https://fjxingyuan.en.alibaba.com/contactinfo.html,Ms. Linda Wu,Director/CEO/General Manager,0,0,0,China
https://bthz.en.alibaba.com/contactinfo.html,Ms. Lily Guo,Sales,0,0,0,China
https://wxpro-med.en.alibaba.com/contactinfo.html,Ms. sabrina He,,0,,,China
https://cnortmed.en.alibaba.com/contactinfo.html,Ms. Jenny Wang,Director/CEO/General Manager,0,0,0,China
https://weioujj.en.alibaba.com/contactinfo.html,Ms. Erin Yang,Sales,0,0,0,China
https://lanbin.en.alibaba.com/contactinfo.html,Mr. Binyun Zheng,Director/CEO/General Manager,0,0,,China
https://bellissimo.en.alibaba.com/contactinfo.html,Mr. Owen Yang,Sales,0,0,0,China
https://gzekai.en.alibaba.com/contactinfo.html,Mr. Jeff Wei,Director/CEO/General Manager,0,0,,China
https://hhnonwoven.en.alibaba.com/contactinfo.html,Ms. Sandy Zhou,Sales,0,0,0,China
https://sinolandtrade.en.alibaba.com/contactinfo.html,Ms. Winnie Liu,Other,0,0,0,China
https://fschidu.en.alibaba.com/contactinfo.html,,,,,,
https://weysun.en.alibaba.com/contactinfo.html,Mr. Jason sun,Director/CEO/General Manager,0,0,,China
https://aqtr.en.alibaba.com/contactinfo.html,Mr. Dave Guo,,0,0,0,China
https://sanshijiaju.en.alibaba.com/contactinfo.html,Ms. anita Cheng,Sales,0,0,,China
https://zhizi.en.alibaba.com/contactinfo.html,Mr. Zhihao Wang,Owner/Entrepreneur,0,0,0,China
https://cubespace.en.alibaba.com/contactinfo.html,Mr. Wang Wang,Sales,0,0,0,China
https://jseyoung.en.alibaba.com/contactinfo.html,Mr. Richard Zou,Director/CEO/General Manager,0,0,0,China
https://everflycorp.en.alibaba.com/contactinfo.html,Ms. Tina Jiang,Sales,0,0,0,China
https://creation-f.en.alibaba.com/contactinfo.html,Ms. Bonnie Mo,Director/CEO/General Manager,0,0,0,China
https://wdsic.en.alibaba.com/contactinfo.html,,,,,,China
https://snowwolf-bicycle.en.alibaba.com/contactinfo.html,Mr. Deland Liu,,0,,,China
https://vimill18.en.alibaba.com/contactinfo.html,Mr. Ivan Hu,,0,0,,China
https://lianshenglp.en.alibaba.com/contactinfo.html,Ms. Linda Zhang,Sales,0,0,0,China
https://hzjinxuan.en.alibaba.com/contactinfo.html,Mr. Bert Wang,Director/CEO/General Manager,0,0,,China
https://hzyueke.en.alibaba.com/contactinfo.html,Ms. Yooka Huizhou,Sales,0,0,,China
https://zzjuxin.en.alibaba.com/contactinfo.html,Ms. Rita Sun,,0,0,0,China
https://fsrunsheng.en.alibaba.com/contactinfo.html,Ms. Ivy Liu,Sales,0,0,0,China
https://youcoo.en.alibaba.com/contactinfo.html,Mr. Potter Gao,Sales,0,0,,China
https://jiulongind.en.alibaba.com/contactinfo.html,Mr. jack Jin,Sales,0,0,0,China
https://mingjuexuan.en.alibaba.com/contactinfo.html,Ms. Karen Wang,Sales,0,0,0,China
https://dgnewtop.en.alibaba.com/contactinfo.html,Ms. Jessica Qiu,Owner/Entrepreneur,0,0,0,China
https://aurismachinery.en.alibaba.com/contactinfo.html,Ms. Alice Lee,Sales,0,0,,China
https://jyyonghao.en.alibaba.com/contactinfo.html,Mr. Hao Yong,Director/CEO/General Manager,0,0,0,China
https://fengli-auto.en.alibaba.com/contactinfo.html,Ms. Claire Liu,Marketing,0,0,0,China
https://stmfood.en.alibaba.com/contactinfo.html,Ms. lisa nie,Sales,0,0,0,China
https://qzrongbo.en.alibaba.com/contactinfo.html,Ms. Linda Yu,Sales,0,0,0,China
https://beautywholesome.en.alibaba.com/contactinfo.html,Ms. Ivy Peng,,0,0,0,China
https://medkb.en.alibaba.com/contactinfo.html,Mr. Jimmy Xie,Sales,0,0,0,China
